"rank","broker","domain","official_count","official_regs","reported_regs","legal_entities"
"1","CFI Financial Group","cfi.trade","1","CySEC","AFM|ASF|CBAR|CNMV|FCA|FSA Denmark|FSA Seychelles|FSC Mauritius|FSCA|FSMA|KNF|MFSA|VFSC","Credit Financier Invest (CFI) Ltd"
"2","eToro","etoro.com","1","CySEC","ADGM|AFM|ASF|ASIC|Australian Securities and Investments Commission (ASIC)|CNMV|Cyprus Securities and Exchange Commission (CySEC)|FCA|FIN-FSA|Financial Conduct Authority (FCA)|FINRA|FMA|FSA Denmark|FSA Seychelles|FSMA|KNF|MAS|MFSA|Securities and Exchange Commission (SEC), Financial Industry Regulatory Authority (FINRA)","Etoro (Europe) Ltd|eToro AUS Capital Ltd.|eToro USA LLC"
"3","Fortrade","fortrade.com","1","CySEC","AFM|ASF|ASIC|CIRO|CNMV|FCA|FIN-FSA|FMA|FSA Denmark|MFSA","Fortrade Cyprus Ltd"
"4","FP Markets","fpmarkets.com","1","CySEC","AFM|ASF|ASIC|Australian Securities and Investments Commission (ASIC)|CNMV|Cyprus Securities and Exchange Commission (CySEC)|FIN-FSA|Financial Sector Conduct Authority (South Africa)|Financial Services Authority (Seychelles)|Financial Services Authority (St. Vincent and the Grenadines)|Financial Services Commission (Mauritius)|FMA|FSA Denmark|KNF|MFSA","First Prudential Markets Limited|First Prudential Markets Ltd|First Prudential Markets Pty Ltd|FP Markets (Pty) Ltd|FP Markets LLC"
"5","Fusion Markets","fusionmarkets.com","1","CySEC","ASIC|Australian Securities and Investments Commission (ASIC)|Financial Services Authority of Seychelles (FSA)|FSA Seychelles|Vanuatu Financial Services Commission (VFSC)","Fusion Markets EU Ltd|Fusion Markets International Ltd|Gleneagle Asset Management Pty Limited|Gleneagle Securities Pty Limited"
"6","FXCM","fxcm.com","1","CySEC","AFM|ASF|ASIC|CNMV|CySEC|FCA|FIN-FSA|FMA|FSA Denmark|FSCA|KNF|MFSA|N/A","Forex Capital Markets Limited - Stratos Markets Limited|FXCM Australia Pty. Limited - Stratos Trading Pty. Limited|FXCM EU LTD - Stratos Europe Limited|FXCM Markets Limited - Stratos Global LLC|FXCM South Africa Pty. Limited - Stratos South Africa (Pty) Ltd|Stratos Europe Ltd (ex FXCM EU LTD)"
"7","FxPro","fxpro.com","1","CySEC","AFM|ASF|CNMV|FCA|FIN-FSA|FSA Denmark|FSA Seychelles|FSMA|KNF|MFSA","FXPRO Financial Services Ltd"
"8","Markets.com","markets.com","1","CySEC","AFM|ASF|ASIC|CNMV|Cyprus Securities and Exchange Commission (CySEC)|FCA|FIN-FSA|Financial Sector Conduct Authority (FSCA)|FMA|FSA Denmark|FSC Mauritius|FSCA|FSMA|KNF|MFSA|St. Vincent and the Grenadines Financial Services Authority (SVG)","Markets International Ltd.|Markets South Africa (Pty) Ltd|Safecap Investments Ltd"
"9","NAGA","naga.com","1","CySEC","AFM|ASF|CNMV|FIN-FSA|FMA|FSA Denmark|FSA Seychelles|KNF|MFSA","Naga Markets Europe Ltd"
"10","Doto Europe Ltd (Ex Vasby Capital Markets Ltd)","doto.com","1","CySEC","AFM|ASF|CNMV|FIN-FSA|FMA|FSA Denmark|FSA Seychelles|FSC Mauritius|FSCA","Doto Europe Ltd (Ex Vasby Capital Markets Ltd)"
"11","Plus500","plus500.com","1","CySEC","AFM|ASF|ASIC|BAPPEBTI|CIRO|CNMV|DFSA|FCA|FMA|FSA Denmark|FSA Seychelles|KNF|MAS|MFSA|SCB","Plus500CY Ltd"
"12","Just2Trade","j2t.com","1","CySEC","FIN-FSA|FSMA|KNF","J2T Services Ltd (ex Lime Trading (CY) Ltd)"
"13","ActivTrades","activtrades.com","0","","Comissão do Mercado de Valores Mobiliários (CMVM)|FCA|Financial Conduct Authority (FCA)|SCB|The Securities Commission of the Bahamas","ActivTrades|ActivTrades Corp|ActivTrades Plc"
"14","Admiral Markets (Admirals)","admiralmarkets.com","0","","AFM|ASF|CNMV|FCA|FMA|FSA Denmark|FSA Seychelles|FSMA|KNF|MFSA",""
"15","ATFX","atfx.com","0","","AFM|ASF|ASIC|CNMV|CySEC|FCA|FIN-FSA|FMA|FSA Denmark|FSA Seychelles|FSC Mauritius|FSCA|FSMA|KNF|MFSA|SERC",""
"16","AvaTrade","avatrade.com","0","","Abu Dhabi Global Market Authorities Financial Services Regulatory Authority (ADGM – FSRA)|ADGM|AFM|ASF|ASIC|Australian Securities and Investments Commission (ASIC)|B.V.I Financial Services Commission|BVI FSC|CBI|Central Bank of Ireland|CNMV|CySEC|Financial Sector Conduct Authority (FSCA)|FMA|FSA Denmark|FSCA|FSMA|Israel Securities Authority (ISA)|Japanese Financial Services Agency (FSA), Financial Futures Association of Japan (FFAJ)|KNF|MFSA","ATrade Ltd|Ava Capital Markets Australia Pty Ltd|Ava Capital Markets Pty|AVA Trade EU Ltd|Ava Trade Japan K.K.|AVA Trade Ltd|AvaTrade Middle East Ltd"
"17","easyMarkets","easymarkets.com","0","","AFM|ASF|ASIC|BVI FSC|CNMV|CySEC|FIN-FSA|FMA|FSA Denmark|FSA Seychelles|FSMA",""
"18","Exness","exness.com","0","","AFM|ASF|Capital Markets Authority (CMA)|Central Bank of Curacao and Sint Maarten (CBCS)|CNMV|Cyprus Securities and Exchange Commission (CySEC)|CySEC|FCA|FIN-FSA|Financial Conduct Authority (FCA)|Financial Sector Conduct Authority (FSCA)|Financial Services Authority of Seychelles (FSA)|Financial Services Commission of the British Virgin Islands (FSC)|FMA|FSA Denmark|FSA Seychelles|FSCA|FSMA|Jordan Securities Commission (JSC)|Mauritius Financial Services Commission (FSC)|MFSA","Exness (Cy) Ltd|Exness (KE) Limited|Exness B.V.|Exness Limited Jordan Ltd|Exness ZA PTY Ltd"
"19","Hantec Financial (Hantec Markets Asia)","hantec.com","0","","ASIC|Australian Securities and Investments Commission (ASIC)|FCA|Financial Conduct Authority (FCA)|FSA Seychelles|FSC Mauritius|Mauritius Financial Services Commission (FSC)|VFSC","Hantec Markets (Australia) Pty. Ltd.|Hantec Markets Limited|Hantec Markets Ltd."
"20","HYCM","hycm.com","0","","Cayman Islands Monetary Authority (CIMA)|Cyprus Securities and Exchange Commission (Cysec)|DFSA|Dubai Financial Services Authority (DFSA)|FCA|Financial Conduct Authority (FCA)|Registered in Costa Rica|Registered in St. Vincent & the Grenadines","Henyep Capital Markets (UK) Limited|HYCM (DIFC) Limited|HYCM (Europe) Ltd|HYCM Capital Markets (UK) Limited|HYCM Capital Markets S.R.L."
"21","IronFX","ironfx.com","0","","AFM|ASF|BVI FSC|CNMV|CySEC|FCA|FIN-FSA|FMA|FSA Denmark|FSCA|FSMA|KNF|MFSA",""
"22","Moneta Markets","monetamarkets.com","0","","FCA|Financial Conduct Authority (FCA)|Financial Sector Conduct Authority (FSCA)|FSA Seychelles|FSC Mauritius|FSCA|FSRA SL|Saint Vincent and the Grenadines Financial Services Authority (SVGFSA)","Moneta LLC|Moneta Markets Capital Ltd|Moneta Markets South Africa (Pty) Ltd"
"23","Vantage (Vantage Markets)","vantagemarkets.com","0","","ASIC|Australian Securities and Investment Commission (ASIC)|Cayman Islands Monetary Authority (CIMA)|CIMA|Financial Conduct Authority (FCA)|FSCA|Vanuatu Financial Services Commission (VFSC)|VFSC","Vantage Global Limited|Vantage Global Prime LLP|Vantage Global Prime Pty Ltd|Vantage International Group Limited"
"24","VT Markets","vtmarkets.com","0","","ASIC|Australian Securities and Investments Commission (ASIC)|Financial Service Provider (FSP)|FSC Mauritius|FSCA|Mauritius Financial Services Commission (FSC)","Vantage Global Prime Pty Ltd|VT Markets Limited|VT Markets Pty"
"25","Windsor Brokers","windsorbrokers.com","0","","AFM|ASF|BVI FSC|CySEC|FIN-FSA|FMA|FSA Denmark|FSA Seychelles|FSMA|MFSA",""
